Image Name,LoG Variance,LoG Range,Canny Percentage Features,FFT Magnitude,Specularities,%,Clean Specularities,%,Adequate Contrast
CS1.0.bmp,58.01626579475932,28.0,62.182562569910516,19.572449257062193,False,0.0,False,0.0,True
CS1.1.bmp,39.96661308123094,24.0,53.21745992678801,14.850170720928173,True,0.04438037418593658,True,0.0012501513855193403,True
CS1.10.bmp,221.95831816340092,62.0,62.50651915506455,29.5908787005287,False,0.0,False,0.0,True
CS1.11.bmp,25.06131139615078,20.0,42.92889425624151,9.167439889320974,True,0.003539306681996512,False,0.0,True
CS1.12.bmp,36.54016982150434,24.0,54.223528530153786,14.70871598317421,True,0.006898955284064485,False,0.0,True
CS1.13.bmp,200.07067031933687,52.0,51.99973834717827,30.035343590953637,True,0.6697385119989452,True,0.21663617484177214,True
CS1.14.bmp,70.32552171429622,32.0,46.392111116388044,20.495497433608104,True,0.19130532864741642,True,0.01682022543059777,True
CS1.15.bmp,82.71039153765835,32.0,38.4644908207973,16.239177809699065,True,0.07184610501557973,True,0.00010457948328323105,True
CS1.16.bmp,230.7071303267872,66.0,57.012679886846904,29.923797271779275,False,0.0,False,0.0,True
CS1.17.bmp,74.22394882574041,34.0,68.54318664097238,15.924659669498816,False,0.0,False,0.0,True
CS1.18.bmp,123.87494738705965,38.0,51.417783933265184,23.761064422826276,True,0.5013439142815421,True,0.12047313084112149,True
CS1.19.bmp,99.86952205576769,36.0,48.429270540730336,20.93089606673745,True,0.5458874648876405,True,0.13532888576779026,True
CS1.2.bmp,30.64549320796857,18.0,31.864539630472017,7.456464160620882,True,0.007815544097791711,False,0.0,True
CS1.20.bmp,213.9340519394074,60.0,65.73575602248114,32.2527575100814,False,0.0,False,0.0,True
CS1.21.bmp,180.6116759360736,54.0,59.45320143811351,27.62414405157136,True,0.2920620456609802,True,0.009638047506812346,True
CS1.22.bmp,65.87179690319162,28.0,41.57843669562419,16.78682460004233,True,0.37874788851351354,True,0.0633445945945946,True
CS1.23.bmp,72.2750135351096,30.0,49.64807581018518,22.11364808859203,True,0.16294126157407407,True,0.021942515432098766,True
CS1.24.bmp,115.73877920976197,40.0,48.611176603360285,20.016432182573904,True,0.505872611392885,True,0.1168172150096918,True
CS1.25.bmp,46.78990662534254,22.0,38.59956464694657,13.596295971758046,True,0.291403268129771,True,0.1115964933206107,True
CS1.26.bmp,74.28139292271513,34.0,57.200193077803206,23.100157671075355,True,3.7638998140732265,True,2.545468630816171,True
CS1.27.bmp,121.29342870957916,42.0,55.36938758711092,22.18859135393483,True,0.06461001796966125,True,0.0027956257775334195,True
CS1.28.bmp,252.88037647899822,66.0,53.37700899178704,30.731209390092864,True,0.7426410719342963,True,0.053322359105069383,True
CS1.29.bmp,148.01426564734052,46.0,43.10448426636732,24.190437915082704,True,0.5128933408169177,True,0.04537677433371958,True
CS1.3.bmp,54.08323619594534,26.0,49.19633642088211,19.122528698543547,True,0.0316811245819398,True,0.004000966764214047,True
CS1.30.bmp,40.25380220429172,26.0,53.99994923069572,14.928156177222121,False,0.0,False,0.0,True
CS1.31.bmp,25.255735816534887,20.0,43.9682685559603,9.727171633846094,True,0.0395459457050875,True,0.004455881206207042,True
CS1.32.bmp,17.7828720761507,16.0,25.58265744274809,5.339466711905823,False,0.0,False,0.0,False
CS1.33.bmp,89.07411896160271,36.0,58.186691576830185,23.875413640407437,False,0.0,False,0.0,True
CS1.34.bmp,33.35952259779428,20.0,41.86240329804561,15.776532126359543,False,0.0,False,0.0,True
CS1.35.bmp,38.910081972642686,24.0,58.966483321844365,18.46067892836651,False,0.0,False,0.0,True
CS1.36.bmp,39.6726558755815,24.0,60.84463543841909,13.810985005058043,False,0.0,False,0.0,True
CS1.37.bmp,40.160741815894575,22.0,46.941301410288276,15.250293883575749,True,0.019705982852882702,True,0.0008736642644135189,True
CS1.38.bmp,78.58887252006271,30.0,51.188546571233296,19.95894132743623,True,0.340966262910085,True,0.04876879556500607,True
CS1.39.bmp,26.684499057538535,20.0,35.61506271362305,12.281017353082996,True,0.006707509358723958,True,9.5367431640625e-05,True
CS1.4.bmp,54.47375914952225,28.0,60.14763762064723,25.13885925009126,False,0.0,False,0.0,True
CS1.40.bmp,26.02219183904058,20.0,45.58493995503661,11.97467612759465,True,0.0041587467005237575,False,0.0,True
CS1.41.bmp,29.209364242682813,20.0,49.96763822496722,12.512308991217813,False,0.0,False,0.0,True
CS1.42.bmp,16.973156615405525,16.0,26.747802178246015,5.659219732034913,False,0.0,False,0.0,False
CS1.43.bmp,65.80897119814362,26.0,30.434436841543278,15.014478152178341,True,0.23134965831435078,True,0.01673948248861048,True
CS1.44.bmp,125.65431661657388,44.0,60.40197423986486,23.967361611574677,True,0.1538745777027027,True,0.0010557432432432433,True
CS1.45.bmp,76.41818193608322,32.0,51.61937080031013,21.408179134787087,True,0.2517121812543074,True,0.06491347562026188,True
CS1.5.bmp,71.69358301400743,30.0,51.55826711817406,21.472652142045128,True,0.26143877986348124,True,0.1180874040102389,True
CS1.6.bmp,58.44535436917499,30.0,53.386221359025186,20.563475840728632,False,0.0,False,0.0,True
CS1.7.bmp,89.75120536710531,32.0,54.61971685753105,23.17422355408029,True,0.9976404794254659,True,0.6305197010869565,True
CS1.8.bmp,89.05779098107759,30.0,54.37007803011128,19.469385138186045,True,2.2482398603455667,True,1.1592885186219386,True
CS1.9.bmp,80.88195693174961,32.0,48.17689753581033,19.32647034782301,True,0.17479830964271995,True,0.00699742055869601,True
SF.0.bmp,19.39234120927671,16.0,27.70142146864838,7.511308807880064,True,0.006388273000509504,False,0.0,False
SF.1.bmp,17.829863060472356,16.0,27.797184556377736,8.218014853084739,True,0.0010433751935460985,False,0.0,False
SF.10.bmp,23.50575800186033,20.0,41.36108707822281,14.460382081107484,True,0.0018321543081072829,False,0.0,True
SF.100.bmp,24.94960315841127,18.0,39.59910397732101,11.577028397444368,True,0.0034351151938760934,False,0.0,False
SF.101.bmp,29.425704229814237,18.0,36.65113222635347,9.453392326567315,True,0.01763630082214153,False,0.0,False
SF.102.bmp,17.47765032958884,16.0,26.3375592695968,6.247081430349392,True,0.0007472920006127795,False,0.0,False
SF.103.bmp,26.224773057105402,20.0,45.141589935924294,15.685245798025381,False,0.0,False,0.0,False
SF.104.bmp,18.034408536616535,16.0,24.278610499396176,5.694000926418595,False,0.0,False,0.0,False
SF.105.bmp,25.229956748006575,20.0,44.77146637077501,14.160392824232922,True,0.00021338340730624785,False,0.0,True
SF.106.bmp,19.38150434956492,16.0,35.768857813616414,9.707847400288173,False,0.0,False,0.0,True
SF.107.bmp,22.02861785638219,18.0,42.914136681889616,13.668309353301787,False,0.0,False,0.0,False
SF.108.bmp,23.71440357449746,20.0,44.54214828721282,13.328019438503178,False,0.0,False,0.0,True
SF.109.bmp,27.899411392921373,20.0,42.225139582570236,14.269896770385499,True,0.00496369655040206,False,0.0,True
SF.11.bmp,20.911285508293197,16.0,38.75827372142739,11.277727547915417,False,0.0,False,0.0,False
SF.110.bmp,31.529475842416538,22.0,48.51460328356942,17.926910365770013,True,0.006427784484099589,True,0.00012855568968199178,True
SF.111.bmp,26.0985078415265,20.0,37.35771599178951,10.473522302252,False,0.0,False,0.0,True
SF.112.bmp,18.577373685675887,16.0,28.140715565865264,6.970337170072489,True,0.0002997008985032937,False,0.0,True
SF.113.bmp,28.202088956701097,18.0,34.003890876279094,8.721598136111055,True,0.0531155807836788,True,0.00767936107715838,True
SF.114.bmp,17.345241239856733,16.0,22.917939409004102,6.583796940467488,True,0.014178860194688003,False,0.0,False
SF.115.bmp,16.223893231663876,16.0,22.817252449204386,3.712390494548749,True,0.0008973499014036796,False,0.0,False
SF.116.bmp,21.354364410103464,18.0,39.45445643149601,13.660855280604256,True,0.0033114854140894245,False,0.0,False
SF.117.bmp,21.32355233351965,16.0,39.90921426796306,13.604408622250636,True,0.001979340088014656,False,0.0,False
SF.118.bmp,16.89835706589698,16.0,30.88518249368318,7.852908929629893,True,0.002954087570971954,False,0.0,True
SF.119.bmp,26.631580307136964,20.0,41.48328430308544,13.450342429241573,True,0.0032327635972346017,False,0.0,True
SF.12.bmp,15.339307481471387,16.0,15.666310563207084,0.37761738796740635,True,0.02766847024102312,True,0.008454254795868177,False
SF.120.bmp,41.524694799634474,26.0,55.098441259545986,19.094492122092564,True,0.008787530076367822,False,0.0,True
SF.121.bmp,23.47768610999348,18.0,34.37497858616129,11.848229607664816,True,0.014846928170561512,True,0.00045682855909420035,True
SF.122.bmp,21.064183054721152,16.0,33.2663162047997,10.418555104708508,True,0.008993640625725293,True,0.0013055284779278653,False
SF.123.bmp,21.789221958091993,16.0,30.04914491891884,8.985373243183036,True,0.007088904995652619,False,0.0,False
SF.124.bmp,21.670640749479766,16.0,30.034351297938255,9.296846368494958,True,0.010682619378271552,False,0.0,False
SF.125.bmp,19.101477739343323,16.0,26.239608576406013,7.572183102151001,True,0.004612497028487491,False,0.0,False
SF.126.bmp,25.771207237386133,16.0,29.954368312341174,7.876213305138655,True,0.005550335597077351,False,0.0,False
SF.127.bmp,16.544349587506908,16.0,21.099182543798854,3.782613269902206,False,0.0,False,0.0,False
SF.128.bmp,18.210637012768625,16.0,25.41450737045514,6.173845784667477,False,0.0,False,0.0,False
SF.129.bmp,22.531676146384644,16.0,35.88195283110537,11.143610138154095,False,0.0,False,0.0,False
SF.13.bmp,20.0850426522307,16.0,31.73977760266176,7.7020242923396305,False,0.0,False,0.0,True
SF.130.bmp,24.88071612361275,20.0,39.16299212598425,13.55913813455058,False,0.0,False,0.0,True
SF.131.bmp,28.594173444553284,20.0,45.34739640178042,14.819628858408734,False,0.0,False,0.0,True
SF.132.bmp,22.881661950813548,18.0,32.48169100744324,11.552194700776981,False,0.0,False,0.0,True
SF.133.bmp,21.9135472663321,18.0,36.88341289296005,11.607222855026505,False,0.0,False,0.0,True
SF.134.bmp,22.619360220251355,20.0,40.7066734143649,12.616388302314162,False,0.0,False,0.0,True
SF.135.bmp,20.847691053554883,16.0,25.756122008980675,4.878934249922756,True,0.03578273894855187,True,0.003273499777627774,True
SF.136.bmp,22.556513992635313,18.0,37.41794256290344,10.405789772775634,True,0.0004975062499222646,False,0.0,False
SF.137.bmp,18.163067052740708,16.0,35.06565437530371,7.095507724448146,False,0.0,False,0.0,True
SF.138.bmp,18.43796248652854,16.0,23.758220502901352,4.777061139244495,True,0.005587792821835375,False,0.0,False
SF.139.bmp,22.137005532245563,16.0,31.495553077592188,8.594909747731307,True,0.0017243559530515352,False,0.0,True
SF.14.bmp,16.371661904912028,16.0,23.698759521395914,3.1973432534722424,False,0.0,False,0.0,False
SF.140.bmp,17.612522523972945,16.0,33.006509309826846,7.199914007321916,False,0.0,False,0.0,True
SF.141.bmp,18.517751226539428,16.0,34.658460342251644,6.809390063618009,False,0.0,False,0.0,False
SF.142.bmp,15.957317055092428,16.0,31.007771164021165,6.35318804987534,False,0.0,False,0.0,True
SF.143.bmp,38.34771180038343,24.0,53.985438220116464,18.718057904631067,True,0.06681742001927213,True,0.00855925628346048,True
SF.144.bmp,70.7677380008188,32.0,60.88923343788613,25.16458126507192,True,0.013960174888318602,False,0.0,True
SF.145.bmp,27.752091276726947,20.0,49.025633433441904,18.169467718419686,True,0.34600905207055543,True,0.09792309969967429,True
SF.146.bmp,17.552248703460165,16.0,23.786815802395157,5.19312807181858,False,0.0,False,0.0,False
SF.147.bmp,35.24740835586736,24.0,52.66483635263089,21.31521557703369,False,0.0,False,0.0,True
SF.148.bmp,37.90191257117288,24.0,55.504233459060195,19.977302336477102,True,0.014733616218764735,False,0.0,True
SF.149.bmp,30.49107476830741,22.0,47.056243550051605,18.81869577115064,True,1.3929021901158123,True,0.6140350877192983,True
SF.15.bmp,19.326804314436064,16.0,30.349412431808847,8.557644678865003,True,0.009385448643998201,False,0.0,False
SF.150.bmp,39.525089828099595,24.0,54.7705361946848,21.218656509712574,True,0.17405672720430201,True,0.04910046189715952,True
SF.151.bmp,25.31820733975985,18.0,37.997857827385985,13.404541863260027,True,0.007892214893736964,False,0.0,False
SF.152.bmp,39.88073967651303,24.0,54.16689525272474,21.530340197338546,True,0.10743544729719845,True,0.021258503401360544,True
SF.153.bmp,30.095600747311003,22.0,50.25670127988408,16.739194096316496,True,0.17000724462690173,True,0.017870079690895917,True
SF.154.bmp,25.48626838878449,20.0,50.5476938982489,18.88746747532004,True,0.0019665849129224294,False,0.0,True
SF.155.bmp,27.41351340280481,20.0,49.310780971981046,16.618447986008796,True,0.009527824821412833,False,0.0,True
SF.156.bmp,26.625337937784145,20.0,43.876554597382786,16.794123726715746,True,0.09249645086737966,True,0.007729508429028941,True
SF.157.bmp,17.482442224501025,16.0,24.971419819602993,2.994106451182307,True,0.0034186818656704175,False,0.0,True
SF.158.bmp,34.34062734624868,24.0,53.483681701503485,18.863234185321957,True,0.03352716224003353,True,0.0005238619100005239,True
SF.159.bmp,19.743668643667657,16.0,33.942931441412156,10.839127841493557,True,0.5559873934734372,True,0.19531636445864012,False
SF.16.bmp,26.78256678588379,20.0,40.70428966334288,8.445147852734758,False,0.0,False,0.0,True
SF.160.bmp,23.19121048717905,20.0,44.378394374042614,12.757575268784274,True,0.004931996472171935,False,0.0,True
SF.161.bmp,26.080956106128742,20.0,45.52475076997893,15.53770945301189,True,0.06433376560220458,True,0.020769168422758957,True
SF.162.bmp,18.62548042881285,16.0,26.309726986487327,5.078879378379566,False,0.0,False,0.0,False
SF.163.bmp,23.9361026725418,18.0,36.72212837527004,12.831293984041396,True,0.004048299898056448,False,0.0,False
SF.164.bmp,23.674517988810155,18.0,39.88872500409712,7.8336612949445295,True,0.0047221041696179815,False,0.0,False
SF.165.bmp,19.652265163519868,16.0,37.472527472527474,8.459040797691369,False,0.0,False,0.0,True
SF.166.bmp,22.957855701913225,20.0,47.797359196576416,15.125550226775449,True,0.0002688114234102493,False,0.0,True
SF.167.bmp,20.39595398854198,18.0,38.77905759162304,9.99423689518684,False,0.0,False,0.0,False
SF.168.bmp,17.801348721354906,16.0,22.005682812857703,2.2894434785944395,True,0.01602499360346894,True,0.00013466381179385665,True
SF.169.bmp,19.38089956725679,16.0,34.31733678206046,10.402304309076035,True,0.13481212905013742,True,0.023671508741137617,True
SF.17.bmp,19.73223078186037,16.0,34.84880125443301,7.3598198175594165,False,0.0,False,0.0,False
SF.170.bmp,25.20587887881415,20.0,44.58343167335379,13.689554661972613,False,0.0,False,0.0,True
SF.171.bmp,33.91536146376358,24.0,43.81233098639267,15.841518777278576,False,0.0,False,0.0,True
SF.172.bmp,23.659942566989518,18.0,36.704609854434175,10.266516255110387,True,0.005181431046487152,False,0.0,False
SF.173.bmp,17.362203105591945,16.0,28.192481693950842,5.786193974815187,False,0.0,False,0.0,False
SF.174.bmp,21.85037302860099,18.0,41.6518626541164,8.951903637794748,False,0.0,False,0.0,True
SF.175.bmp,46.07175472767964,26.0,53.42714586419272,19.570390260071427,True,0.007796055196070789,False,0.0,True
SF.176.bmp,16.032947493253292,16.0,27.413062149370464,3.4045141228013667,False,0.0,False,0.0,True
SF.177.bmp,18.536550350561303,16.0,24.95411629169591,4.171578737621167,True,0.00026484102917223937,False,0.0,False
SF.178.bmp,18.750967361400942,16.0,39.35657905227629,7.343505808866735,False,0.0,False,0.0,False
SF.179.bmp,20.516846285072845,16.0,18.39817706135539,2.639103540089918,True,0.2099548571221889,True,0.08766777873272695,True
SF.18.bmp,18.15045129797292,16.0,32.08684937644687,5.52761687429213,False,0.0,False,0.0,False
SF.180.bmp,18.207602023974104,16.0,35.68445354509754,6.702728731885255,False,0.0,False,0.0,False
SF.181.bmp,18.494050803821544,16.0,31.740597282592976,4.4727257318998666,False,0.0,False,0.0,False
SF.182.bmp,11.896699374199693,12.0,15.148771682862591,-3.320004582228167,False,0.0,False,0.0,False
SF.183.bmp,16.843572701540875,16.0,23.973961505102512,4.186022351616023,True,0.015455166177637527,True,0.002306741220542915,False
SF.184.bmp,17.313506865441283,16.0,25.999583453979287,4.285274496933725,True,0.002031931808368511,False,0.0,False
SF.185.bmp,17.223677149785985,16.0,27.58096702733381,4.987569707600217,True,0.0009153988392742718,False,0.0,False
SF.186.bmp,13.851555372712426,14.0,19.367566811249475,1.2786709179329039,True,0.0011193507765496012,False,0.0,False
SF.187.bmp,52.78926408018761,26.0,58.387705567414,21.22810254440318,False,0.0,False,0.0,True
SF.188.bmp,13.90708114717643,16.0,22.448206202424753,2.325838518434974,False,0.0,False,0.0,False
SF.189.bmp,13.539795274026137,14.0,19.20537063535579,0.11623760395391519,False,0.0,False,0.0,False
SF.19.bmp,16.611461218027095,16.0,27.229461794648348,4.45784953472349,False,0.0,False,0.0,False
SF.190.bmp,17.19771046217384,16.0,23.05826332328609,3.617137601292653,True,0.02388892451741166,True,0.0046495222215096514,True
SF.191.bmp,14.360697225384007,16.0,18.76535609346579,0.6515859421988596,False,0.0,False,0.0,False
SF.192.bmp,15.294593946287216,16.0,25.467935310925853,4.329068985124959,False,0.0,False,0.0,False
SF.193.bmp,15.031490510207892,16.0,22.775664183637584,3.5189271851893147,True,0.0029686736422885277,False,0.0,False
SF.194.bmp,14.098763782824872,16.0,17.838478567024545,0.38537131477161585,False,0.0,False,0.0,False
SF.195.bmp,13.5387970386254,12.0,14.879762087883917,-1.6613387465514775,True,0.00025637081474644925,False,0.0,False
SF.196.bmp,28.70869371167525,20.0,37.62789538939294,11.410855697530012,True,0.010718299903824984,False,0.0,True
SF.197.bmp,16.703809602759218,16.0,23.705884441198695,2.57981687865536,False,0.0,False,0.0,True
SF.198.bmp,16.013031534257276,16.0,18.678269318701417,1.5943739200709064,False,0.0,False,0.0,False
SF.199.bmp,32.96326815273146,20.0,41.634586966159304,15.948168400049619,True,0.027892714644598787,False,0.0,True
SF.2.bmp,16.56881233514411,16.0,26.85460119011841,5.305135122390336,False,0.0,False,0.0,True
SF.20.bmp,14.784834421674239,16.0,16.29617257595607,0.5472856995969895,False,0.0,False,0.0,False
SF.200.bmp,20.069389222441394,16.0,26.21904744667202,4.620410761938846,False,0.0,False,0.0,False
SF.201.bmp,17.57109695661883,16.0,22.958233957294404,4.191137318874037,True,0.002409116095304633,False,0.0,True
SF.202.bmp,20.255569970796074,16.0,30.97361928259632,6.166077450376971,False,0.0,False,0.0,False
SF.203.bmp,19.1501751070347,16.0,26.58136108734911,4.599267881123929,False,0.0,False,0.0,False
SF.204.bmp,24.389933647589878,18.0,28.92585597702992,7.2588529617723685,False,0.0,False,0.0,False
SF.205.bmp,23.860703746740285,18.0,33.36262085797428,8.89788749804112,False,0.0,False,0.0,False
SF.206.bmp,23.152624531365717,18.0,38.24637273342121,10.27832780391652,False,0.0,False,0.0,False
SF.207.bmp,22.571394078652894,16.0,29.72012314581584,6.691675541060684,False,0.0,False,0.0,False
SF.208.bmp,19.640671657918222,16.0,30.327580376921006,9.609514102433605,False,0.0,False,0.0,False
SF.209.bmp,18.331595284839473,16.0,29.330512384231127,8.116297585698799,True,0.0017362230699400258,False,0.0,False
SF.21.bmp,15.058431851764913,16.0,17.83175442461629,0.7632406421494358,True,0.0001835940368656826,False,0.0,False
SF.210.bmp,30.90940581943321,20.0,43.3634359529703,11.636756762998283,True,0.012376237623762377,False,0.0,False
SF.211.bmp,20.808730302377825,16.0,38.04178690217245,13.26247396329056,True,0.001454252337710633,False,0.0,True
SF.212.bmp,21.634672289020298,18.0,37.9606164704999,10.011891227291883,False,0.0,False,0.0,True
SF.213.bmp,23.145224018093344,16.0,32.66876372356408,9.693867301383094,True,0.013362417658615509,False,0.0,False
SF.214.bmp,25.994168391822587,18.0,39.680757768917836,12.302833214595928,True,0.0034510479005448592,False,0.0,True
SF.215.bmp,22.64029990529712,18.0,36.411503321317646,8.740787833233485,False,0.0,False,0.0,False
SF.216.bmp,36.24339620745009,22.0,46.33771377137714,15.676818491312869,True,0.00558055805580558,False,0.0,True
SF.217.bmp,34.9027105585016,22.0,51.38442985608638,15.468537870203015,True,0.006189403740795758,False,0.0,False
SF.218.bmp,19.920749017311554,16.0,38.96695939697012,11.741728580360443,True,0.01780116710180631,False,0.0,False
SF.219.bmp,26.205889764089818,20.0,40.89539925559264,14.248136554344644,True,0.003197626082396429,False,0.0,False
SF.22.bmp,13.424016125888587,14.0,12.825684989073793,-0.8864934060870693,False,0.0,False,0.0,False
SF.220.bmp,36.18602164089789,22.0,44.76232103482874,15.291226494207923,False,0.0,False,0.0,True
SF.221.bmp,37.65951962136873,22.0,53.074287435520915,16.68699139287608,True,0.0006275336671812443,False,0.0,True
SF.222.bmp,27.206915232597975,18.0,35.4034126816937,8.2698891630739,True,0.0006319780914261639,False,0.0,False
SF.223.bmp,21.028626657812644,16.0,37.47022399910846,11.331057079201585,False,0.0,False,0.0,True
SF.224.bmp,29.90990321468502,20.0,49.34689799255155,14.906535098500353,False,0.0,False,0.0,True
SF.225.bmp,29.489912221242932,20.0,45.12564615544736,15.129706924801209,True,0.0040475061579915116,False,0.0,False
SF.226.bmp,27.08147161740847,18.0,36.246663681146444,10.416876191564063,True,0.0014330497089117778,False,0.0,False
SF.227.bmp,28.240292554067413,20.0,40.10921961395905,13.669741312903158,True,0.013924614667935915,False,0.0,False
SF.228.bmp,19.316493308137357,16.0,31.899075187832,7.335364953124434,False,0.0,False,0.0,False
SF.229.bmp,30.698648157233098,22.0,44.60707041437264,14.479226637407045,False,0.0,False,0.0,True
SF.23.bmp,12.258855626159109,12.0,11.46968345559459,-1.9182570902091003,False,0.0,False,0.0,False
SF.230.bmp,28.697493354593405,20.0,35.199621421247734,9.193212955198613,True,0.0003154822935562742,False,0.0,False
SF.231.bmp,60.41307798717976,28.0,44.40492437165928,16.038185029421165,False,0.0,False,0.0,False
SF.232.bmp,26.423630540916164,20.0,35.31700530282709,9.041117528631899,False,0.0,False,0.0,False
SF.233.bmp,20.03362462148952,16.0,31.814685643157425,6.887066840159376,False,0.0,False,0.0,False
SF.234.bmp,16.257781835362135,16.0,25.28653838301943,2.539704722703845,False,0.0,False,0.0,False
SF.235.bmp,24.04729039873762,20.0,43.69070451348932,12.736936886573256,True,0.00021310147892426374,False,0.0,True
SF.236.bmp,15.361417001412823,16.0,16.31199538638985,1.8246824285770413,True,0.0014417531718569781,False,0.0,False
SF.237.bmp,21.885869019129103,16.0,33.76122590167706,11.903006351916762,True,0.001620191474228424,False,0.0,True
SF.238.bmp,23.587347486296018,18.0,39.7883059675879,12.977885417905522,True,0.00533503105877248,False,0.0,True
SF.239.bmp,22.15366688262756,18.0,35.726050420168065,11.925803640641083,True,0.00980392156862745,False,0.0,True
SF.24.bmp,20.447583976724697,16.0,28.48454356827966,8.521607779469749,True,0.003032946721830615,False,0.0,False
SF.240.bmp,32.889249705042744,22.0,45.972716902949465,16.866650115295897,True,0.05848872127941896,True,0.004364829946225295,True
SF.241.bmp,23.202190057442518,18.0,40.898251691203235,14.236831141123254,True,0.021022377850571684,True,0.00031376683359062214,True
SF.242.bmp,43.43241990449553,22.0,47.88027014099264,17.40215955581516,True,0.026763546910233922,False,0.0,True
SF.243.bmp,55.59065832151559,30.0,56.56263880122496,24.468117078194208,True,0.3766042499474016,True,0.03740327746218763,True
SF.244.bmp,52.41560099608761,30.0,57.75754607782032,24.960006940448476,True,0.06137349428240711,True,0.00763193711283819,True
SF.245.bmp,60.62026439496433,30.0,59.61119043509642,23.188597768170546,True,0.02447711546608507,False,0.0,True
SF.246.bmp,18.320396767084752,16.0,29.1656634276378,7.1470443377451565,True,0.004084616046091667,False,0.0,True
SF.247.bmp,41.21246739745173,26.0,51.963954859356576,19.10394428433451,True,0.01684352366515075,False,0.0,True
SF.248.bmp,62.37154089408602,32.0,59.99351148707104,24.627104537166627,True,0.005046621166971067,False,0.0,True
SF.249.bmp,26.031650004241328,20.0,43.21312267552889,15.050955823290913,True,0.028529790498808685,True,0.0071967039096093996,True
SF.25.bmp,17.67766772044889,16.0,17.042138996508346,1.779078431765419,True,0.00023915435021763047,False,0.0,False
SF.250.bmp,18.90497023252514,16.0,32.92533388815356,7.487939592548006,False,0.0,False,0.0,True
SF.251.bmp,44.373086064125886,26.0,57.11537299909393,21.228282328965836,True,0.013289036544850499,False,0.0,True
SF.252.bmp,34.907066396090634,22.0,39.73988910632747,13.47875232619991,True,0.03207218960643618,False,0.0,False
SF.253.bmp,37.59245655933071,22.0,44.94777214160731,12.718400283780527,True,0.08594178051927394,True,0.005302320649004048,False
SF.254.bmp,24.660564401064104,18.0,36.94945085891298,11.846153095361515,False,0.0,False,0.0,True
SF.255.bmp,16.73522130818732,16.0,23.908828382838283,4.397319467567236,True,0.0008493496408464377,False,0.0,True
SF.256.bmp,19.871808112765976,16.0,29.454577036651035,7.513940443275419,False,0.0,False,0.0,False
SF.257.bmp,20.642439418394396,16.0,32.24104074619539,9.796081897452975,False,0.0,False,0.0,True
SF.258.bmp,22.82842463987652,18.0,39.42647868885708,12.364844920493187,True,0.0032266911895197066,False,0.0,True
SF.259.bmp,27.123724675764386,18.0,38.044712224512445,9.717713868970634,True,0.021563342318059297,False,0.0,False
SF.26.bmp,16.317353941161716,16.0,25.254091427040574,4.52560111410721,False,0.0,False,0.0,True
SF.260.bmp,29.84053511071586,20.0,38.33315199651833,11.25913654918686,True,0.04107278859754107,False,0.0,True
SF.261.bmp,18.243453556927673,16.0,22.880036402158535,5.1926246055171426,False,0.0,False,0.0,False
SF.262.bmp,23.365108299830016,18.0,38.000838113197666,12.363439273469917,False,0.0,False,0.0,True
SF.263.bmp,17.535893919368654,16.0,27.937889590668107,6.426220198191489,False,0.0,False,0.0,True
SF.264.bmp,66.27640890559695,32.0,56.82498905269304,29.75271712592942,True,4.748309249258016,True,2.6162603999416145,True
SF.265.bmp,43.10480943012304,26.0,55.7156862745098,22.62970625430885,True,0.002696078431372549,False,0.0,True
SF.266.bmp,23.746117271850828,18.0,39.262482057216616,15.369068559565557,False,0.0,False,0.0,True
SF.267.bmp,24.55954193762075,20.0,40.86189121493076,15.585928582783545,True,0.004074214473735488,False,0.0,True
SF.268.bmp,19.32777431788065,16.0,29.67857741186607,6.75608899006435,True,0.00023933178565445278,False,0.0,False
SF.269.bmp,34.94321583463629,24.0,47.851975014604776,18.528728378418165,False,0.0,False,0.0,True
SF.27.bmp,17.47347363558211,16.0,30.659799946055976,5.6078478582960445,False,0.0,False,0.0,True
SF.270.bmp,27.371279454234724,20.0,49.247674264755325,17.67972237957092,False,0.0,False,0.0,True
SF.271.bmp,24.190863271210063,18.0,31.379680111625024,10.274670324462255,True,0.001507282326899391,False,0.0,True
SF.272.bmp,38.06543805156817,24.0,51.46938718688805,21.099022136764024,False,0.0,False,0.0,True
SF.273.bmp,28.20694615390194,20.0,45.45501901338751,18.413346467368854,False,0.0,False,0.0,True
SF.274.bmp,29.936231033921157,20.0,39.22959803411196,14.17515268220328,True,0.0223905243301035,True,0.00027988155412629373,False
SF.275.bmp,18.121792006431043,16.0,33.06066062918134,9.709395485373209,False,0.0,False,0.0,False
SF.276.bmp,16.33634036442181,16.0,25.491605682307362,8.035938989325908,False,0.0,False,0.0,False
SF.277.bmp,19.82930876230602,16.0,37.46285664829934,11.601898267120527,False,0.0,False,0.0,False
SF.278.bmp,22.085322129190647,20.0,39.8663550343379,15.202534039218495,False,0.0,False,0.0,True
SF.279.bmp,21.298212413735953,16.0,35.57666286853725,11.554287265367863,False,0.0,False,0.0,True
SF.28.bmp,35.98795621340032,22.0,50.69866941445276,15.224970320948017,True,0.028896554813852428,True,0.00022400430088257694,True
SF.280.bmp,18.50161102770515,16.0,35.60361916785718,11.044124457431895,False,0.0,False,0.0,False
SF.281.bmp,18.027618875678797,16.0,35.76787906453171,11.393172602642974,False,0.0,False,0.0,False
SF.282.bmp,25.799401103863172,20.0,43.59155230644265,16.940307953720474,True,0.0004932863724706741,False,0.0,True
SF.283.bmp,27.71258360890168,20.0,46.734027059139166,17.28935197953337,False,0.0,False,0.0,True
SF.284.bmp,26.03510157495662,20.0,45.42818680749715,16.70620572948145,False,0.0,False,0.0,True
SF.285.bmp,29.848341745901585,20.0,49.631682174785624,18.949095964984778,False,0.0,False,0.0,True
SF.286.bmp,18.09938829463801,16.0,31.589049929143954,9.01164233476785,True,0.0037489971432641766,False,0.0,True
SF.287.bmp,29.178732928354982,20.0,51.979211865409646,18.773094223547837,False,0.0,False,0.0,True
SF.288.bmp,27.950207134811624,20.0,46.958707674820204,17.389798880300464,True,0.00612061993136162,False,0.0,True
SF.289.bmp,30.73341940877465,20.0,52.05912076806468,18.577523378810778,False,0.0,False,0.0,True
SF.29.bmp,17.478163060375135,16.0,30.45988997492689,5.758059843437499,False,0.0,False,0.0,True
SF.290.bmp,22.443470133488805,16.0,36.72104915409574,9.695010140989522,False,0.0,False,0.0,True
SF.291.bmp,16.964797004598104,16.0,27.966723115844587,8.273749856191317,False,0.0,False,0.0,True
SF.292.bmp,18.68492752178038,16.0,35.16543201082698,11.268038262544536,False,0.0,False,0.0,True
SF.293.bmp,17.259129388319003,16.0,31.15372066061772,10.736527141120973,False,0.0,False,0.0,False
SF.294.bmp,19.955868041312932,16.0,35.444162746904276,12.281648950026558,True,0.011820427328827985,False,0.0,True
SF.295.bmp,31.856618660987362,20.0,50.14124130933576,17.382285063018678,False,0.0,False,0.0,True
SF.296.bmp,44.66016106106765,26.0,55.209398976982094,24.52336093497808,True,0.1795609548167093,True,0.029838022165387897,True
SF.297.bmp,17.636540842555473,16.0,34.15880503144654,12.0246547095411,False,0.0,False,0.0,True
SF.298.bmp,23.12985150068587,18.0,37.65347222222222,11.969287364622673,True,0.0016203703703703703,False,0.0,True
SF.299.bmp,17.042015750572904,16.0,30.38662086185934,8.679171273675815,False,0.0,False,0.0,False
SF.3.bmp,33.35271384599067,20.0,40.45259423018224,12.784344821550993,True,0.019584422091933864,False,0.0,True
SF.30.bmp,16.03526699516881,16.0,19.108484124274497,2.8462810616825878,False,0.0,False,0.0,True
SF.300.bmp,13.56231089520333,14.0,16.597141366397047,2.333377861105875,False,0.0,False,0.0,False
SF.301.bmp,17.718171083135548,16.0,28.933350386637585,6.716445456695174,False,0.0,False,0.0,True
SF.302.bmp,61.57313953044538,32.0,57.21390159320501,28.404417864281115,True,0.09046589938181636,True,0.009297884103131124,True
SF.303.bmp,48.174626990951865,28.0,54.79622435766374,25.223179461701406,True,0.21638383425339058,True,0.06255415680891044,True
SF.304.bmp,38.785520975121806,24.0,55.2137358620393,20.89612584970934,False,0.0,False,0.0,True
SF.305.bmp,54.594497283184566,30.0,56.8441310874359,24.714878032667844,True,0.37942692420096175,True,0.14064534126836525,True
SF.306.bmp,29.18842009054617,20.0,44.71369294605809,18.10785067219937,True,0.5352184826596997,True,0.21084985400338097,True
SF.307.bmp,37.8020066457788,24.0,46.432019352355816,18.605977287217307,False,0.0,False,0.0,True
SF.308.bmp,61.66813504395739,30.0,59.47488223578136,26.687719870128742,False,0.0,False,0.0,True
SF.309.bmp,30.31605168816641,22.0,47.996631677894406,18.72799567090448,False,0.0,False,0.0,True
SF.31.bmp,14.848761135403588,16.0,22.793638310861848,3.173983897105082,False,0.0,False,0.0,True
SF.310.bmp,26.55644312011648,20.0,42.459016393442624,13.04461628995249,True,0.0030433371205973057,False,0.0,False
SF.311.bmp,24.312150361851614,20.0,45.73796070470968,15.411889476563774,False,0.0,False,0.0,True
SF.312.bmp,19.759818129204046,16.0,30.50778012354367,8.32151365748455,False,0.0,False,0.0,True
SF.313.bmp,27.57516298576967,20.0,40.764815724815726,14.446059270465616,True,0.012186732186732186,True,0.0003931203931203931,True
SF.314.bmp,36.494099298670065,24.0,50.45933847246307,20.109146301240138,False,0.0,False,0.0,True
SF.315.bmp,35.23892180291468,22.0,46.138049276705075,16.913692799762117,True,0.0033430600461342285,False,0.0,True
SF.316.bmp,26.76454419395454,20.0,42.55774087536038,14.260027209436334,False,0.0,False,0.0,True
SF.317.bmp,25.32728838464322,20.0,45.93077851808791,14.282619843121623,False,0.0,False,0.0,True
SF.318.bmp,39.819907642791094,24.0,52.55194162235923,20.68423531321635,True,0.004992386610419111,False,0.0,True
SF.319.bmp,17.949864589486868,16.0,28.24377943412319,5.043490965148858,False,0.0,False,0.0,False
SF.32.bmp,14.081643296250867,16.0,16.727326664750763,0.6451275552305116,False,0.0,False,0.0,True
SF.320.bmp,18.036121192383742,16.0,20.629250968575118,4.270988392032816,False,0.0,False,0.0,False
SF.321.bmp,18.09902190173077,16.0,22.650990099009903,4.114248195412661,False,0.0,False,0.0,False
SF.322.bmp,16.9956038558201,16.0,30.212630000860187,8.370846313969864,False,0.0,False,0.0,True
SF.323.bmp,18.79023970653847,16.0,28.986187578479665,5.456479911950949,False,0.0,False,0.0,True
SF.324.bmp,17.943438879642407,16.0,22.820175122308548,4.614065582506536,True,0.002087500426988724,False,0.0,False
SF.325.bmp,19.199605696562273,16.0,24.691554904332282,4.995286922026274,True,0.0020526164544050728,False,0.0,False
SF.326.bmp,13.106473439413833,12.0,12.373176700930005,-1.3274478601714372,False,0.0,False,0.0,False
SF.327.bmp,16.953321787286505,16.0,25.57280359898517,3.5496614875477133,False,0.0,False,0.0,False
SF.328.bmp,15.50920919907964,16.0,21.979871427539546,4.638023011118131,False,0.0,False,0.0,False
SF.329.bmp,16.395584075558013,16.0,23.204025320564845,4.138417300461955,False,0.0,False,0.0,False
SF.33.bmp,19.237925690227833,16.0,31.13699737320671,7.8698847718654035,False,0.0,False,0.0,True
SF.330.bmp,17.092479653156317,16.0,23.36573818716676,4.239672811164424,False,0.0,False,0.0,False
SF.331.bmp,13.490965100327466,14.0,13.207322803130058,-1.1716398601246756,False,0.0,False,0.0,False
SF.332.bmp,14.633011930250088,16.0,17.964201688425522,2.977382674712283,False,0.0,False,0.0,False
SF.333.bmp,15.699198085452315,16.0,23.263198586260216,3.654431651490782,False,0.0,False,0.0,False
SF.334.bmp,16.380585875631226,16.0,28.916826356017992,6.996587571589263,False,0.0,False,0.0,True
SF.335.bmp,20.873963700170314,16.0,33.244302611953245,8.77811830825764,False,0.0,False,0.0,True
SF.336.bmp,26.68551639855098,18.0,42.614703233527024,12.349889731659538,True,0.0017271796390194555,False,0.0,True
SF.337.bmp,15.336420444051857,16.0,20.311970733690128,3.181254058638726,True,0.0008468260957929679,False,0.0,False
SF.338.bmp,15.976358817707558,16.0,21.395627845686356,3.8238873436690044,False,0.0,False,0.0,False
SF.339.bmp,15.248855869583112,16.0,19.27997799779978,2.51773383360148,False,0.0,False,0.0,False
SF.34.bmp,15.259693856959665,16.0,22.904290429042902,2.41272537925856,False,0.0,False,0.0,False
SF.340.bmp,19.08963407215731,16.0,29.926246085496672,3.8337228373694323,False,0.0,False,0.0,False
SF.341.bmp,22.213513863276656,18.0,33.43011353061605,6.80673222719585,False,0.0,False,0.0,False
SF.342.bmp,22.972699497291174,16.0,30.48907655761929,6.853190233057764,True,0.012157941005929335,False,0.0,False
SF.343.bmp,18.63683043495304,16.0,31.497720023576427,5.64357288384384,False,0.0,False,0.0,False
SF.344.bmp,16.16854920742759,16.0,23.056161112841274,3.511163441374726,False,0.0,False,0.0,False
SF.345.bmp,16.799499356766457,16.0,24.582489050267377,3.2355429333937784,False,0.0,False,0.0,False
SF.346.bmp,23.60587617410784,18.0,38.55740837241619,11.551202417408053,False,0.0,False,0.0,True
SF.347.bmp,16.775672382823018,16.0,25.096999011806314,3.305989862056055,False,0.0,False,0.0,False
SF.348.bmp,24.792827409596647,18.0,37.13435292994846,12.477749010089608,True,0.0067601959661513005,False,0.0,True
SF.349.bmp,15.620825784957349,16.0,19.391165542216907,2.499072804937072,False,0.0,False,0.0,False
SF.35.bmp,24.990071007003696,18.0,34.549942929949836,8.316467712219264,True,0.012210336315132854,False,0.0,False
SF.350.bmp,17.045905322566416,16.0,19.44352622771316,1.3300738515278552,True,0.0034433127423231344,False,0.0,False
SF.351.bmp,16.263213523339683,16.0,21.05357636012151,2.4799432772416767,True,0.0006904170118751725,False,0.0,False
SF.352.bmp,15.653430353257471,16.0,18.88150748945414,2.409476752016998,False,0.0,False,0.0,False
SF.353.bmp,16.743313835933904,16.0,22.186159844054583,3.3618160840680535,False,0.0,False,0.0,False
SF.354.bmp,15.54442499504875,16.0,20.996379632513236,2.1780349728444386,True,0.0015571473061351605,False,0.0,False
SF.355.bmp,15.516409908440833,16.0,20.01737968929062,2.0662462183422012,False,0.0,False,0.0,False
SF.356.bmp,15.628791115183143,16.0,20.005285469980933,2.9269728191370614,False,0.0,False,0.0,False
SF.357.bmp,21.78941062043991,16.0,35.44145282224359,9.539843782960485,False,0.0,False,0.0,True
SF.358.bmp,17.708093282683723,16.0,24.875215748472268,3.620824039800895,False,0.0,False,0.0,False
SF.359.bmp,18.70158174445526,16.0,23.36096493270619,3.6359428462569294,False,0.0,False,0.0,False
SF.36.bmp,12.65796945953017,12.0,9.678694603105361,-2.8137168853255115,True,0.0022719940382876433,False,0.0,False
SF.360.bmp,24.11857183602971,18.0,40.74687514851956,11.794949995192729,True,0.013782614894729338,False,0.0,True
SF.361.bmp,17.484253000217432,16.0,19.704936264262233,1.7872031092760026,False,0.0,False,0.0,False
SF.362.bmp,17.456312872277667,16.0,22.92227486450594,3.8185105864713607,False,0.0,False,0.0,False
SF.363.bmp,17.432188295577692,16.0,21.209421730556645,3.5422460023717823,True,0.0008098444693696576,False,0.0,False
SF.364.bmp,19.441215096466305,16.0,24.44426259567897,4.740736680429176,False,0.0,False,0.0,False
SF.365.bmp,20.10870288957214,16.0,25.86393260213003,4.815115708323051,False,0.0,False,0.0,False
SF.366.bmp,18.793246286615023,16.0,24.66082429753428,5.591562490178685,False,0.0,False,0.0,False
SF.367.bmp,15.719689097721606,16.0,19.751973684210526,2.8969897926224224,False,0.0,False,0.0,False
SF.368.bmp,16.666915855955054,16.0,29.206341415529597,6.184419472279088,False,0.0,False,0.0,False
SF.369.bmp,15.261535438126865,16.0,15.934682802349034,1.3116610808183753,True,0.0019500997336720936,False,0.0,False
SF.37.bmp,15.572025164163676,16.0,25.36459056727316,3.560940663045475,False,0.0,False,0.0,True
SF.370.bmp,14.581410338602332,16.0,25.27183027183027,4.232671156449241,False,0.0,False,0.0,False
SF.371.bmp,33.052100652997375,22.0,53.266091863052736,17.869745037803227,True,0.0013966610489855587,False,0.0,True
SF.372.bmp,24.59091800564011,18.0,39.59257994764994,12.63318155838527,True,0.0005690224194833277,False,0.0,False
SF.373.bmp,28.068432243993406,20.0,45.13054722295994,14.862241462534492,False,0.0,False,0.0,True
SF.374.bmp,27.69134921035689,20.0,41.384880013425075,12.623142553320537,True,0.008600436314817923,False,0.0,True
SF.375.bmp,23.554674171317256,18.0,33.9641823727223,8.779902686292129,False,0.0,False,0.0,True
SF.376.bmp,22.580649563793713,16.0,32.47871998127943,8.101040642791459,False,0.0,False,0.0,True
SF.377.bmp,76.41266257942603,32.0,60.571261426655376,22.90489129808626,False,0.0,False,0.0,True
SF.378.bmp,98.27281364099743,38.0,61.11700053135658,25.283053628099065,False,0.0,False,0.0,True
SF.379.bmp,17.04673164281773,16.0,32.38369810369088,8.112638411677231,False,0.0,False,0.0,False
SF.38.bmp,25.157844030757694,20.0,41.06508661303182,14.68706377051325,True,0.0011324925708487352,False,0.0,True
SF.380.bmp,21.331945380795737,16.0,26.60594771295111,6.795935794456285,True,0.001630403769493515,False,0.0,True
SF.381.bmp,21.13521340187172,18.0,37.403258809583136,9.484950662713691,False,0.0,False,0.0,False
SF.382.bmp,27.20976774318245,20.0,48.09915586004404,13.8250366460184,False,0.0,False,0.0,False
SF.383.bmp,54.60362416928388,26.0,55.55315971292257,18.891451684603805,True,0.049253480654957806,True,0.0036315930436835253,True
SF.384.bmp,18.231983028924983,16.0,28.91309597993995,7.862309853334769,False,0.0,False,0.0,False
SF.385.bmp,98.63937874236359,38.0,56.68692804808957,24.048665281024114,True,0.13251519603606718,True,0.003841020174958469,True
SF.386.bmp,28.343910151041424,20.0,45.83524640342822,14.291558010539099,True,0.01190354725708261,True,0.00021256334387647518,False
SF.387.bmp,22.02618742233789,16.0,36.80714491875785,12.270505082015568,True,0.0032521250604692,False,0.0,False
SF.388.bmp,33.4764961854923,22.0,45.931567783678204,15.757544806186248,True,0.004387169627052432,False,0.0,True
SF.389.bmp,19.452537827065644,16.0,28.72004872004872,7.539713333560999,True,0.00441000441000441,False,0.0,True
SF.39.bmp,17.871083803014937,16.0,24.709462436660058,4.504838126592568,False,0.0,False,0.0,False
SF.390.bmp,19.724093952832845,16.0,28.838088014912827,8.290896187231054,True,0.004111992397382945,False,0.0,False
SF.391.bmp,29.899883017387175,20.0,42.542745700146874,13.702915174500943,False,0.0,False,0.0,True
SF.392.bmp,25.092150458282813,18.0,40.55086672628334,11.654009323735098,True,0.0006527372536732789,False,0.0,True
SF.393.bmp,19.736113719268577,16.0,37.74499991296628,11.005073201606669,False,0.0,False,0.0,True
SF.394.bmp,58.08647098728116,28.0,54.880132267842384,19.759225435837834,False,0.0,False,0.0,True
SF.395.bmp,42.63695186166855,22.0,49.84502105037819,17.69284195184338,True,0.02519801626944484,True,0.00022299129441986584,True
SF.396.bmp,18.932212081690995,16.0,27.06732095003076,5.852582801980614,True,0.003358623176621154,False,0.0,False
SF.397.bmp,25.034318122164084,18.0,33.12170646933513,10.767967286457642,True,0.00910976566879695,False,0.0,False
SF.398.bmp,25.307046112821794,20.0,45.21029901320504,14.119302654277206,False,0.0,False,0.0,False
SF.399.bmp,21.772486747120524,18.0,40.82396739335065,12.000415358838866,False,0.0,False,0.0,False
SF.4.bmp,27.161444031475998,20.0,48.68770880341432,15.53113237537875,False,0.0,False,0.0,False
SF.40.bmp,19.809028560774063,16.0,32.296904009232776,7.775474416659769,True,0.0032615786040443577,False,0.0,False
SF.400.bmp,15.09989466279301,16.0,21.060707995373765,4.287340917149503,False,0.0,False,0.0,False
SF.401.bmp,15.285521473348263,16.0,24.69018896655686,4.673373494867266,False,0.0,False,0.0,False
SF.402.bmp,14.469362527657852,16.0,21.464057886076233,5.022357985973028,False,0.0,False,0.0,False
SF.403.bmp,16.52345567848633,16.0,26.16741810820758,7.136870678953022,True,0.003258802600907864,False,0.0,False
SF.404.bmp,15.949831030370174,16.0,27.578438645487868,7.396124252859167,False,0.0,False,0.0,True
SF.405.bmp,19.803174881999162,16.0,28.28272410727879,8.683320638193118,True,0.0036014975681706194,False,0.0,False
SF.406.bmp,20.476517431128467,16.0,33.56436506431123,10.522582582093872,True,0.01025288746943358,False,0.0,True
SF.407.bmp,26.273319125358597,20.0,41.45039579166737,15.23788589474934,True,0.001176450815952673,False,0.0,True
SF.408.bmp,18.205802051733237,16.0,27.953831024006465,5.881834516272567,True,0.009878299351983562,False,0.0,False
SF.409.bmp,18.20773027781998,16.0,26.517919614397883,8.043539163325228,True,0.007637846072851413,False,0.0,False
SF.41.bmp,20.394456127552388,16.0,31.179442727283096,6.912091866276026,False,0.0,False,0.0,False
SF.410.bmp,15.58730894530993,14.0,19.260060459827496,6.02863375791718,True,0.008320159747067145,False,0.0,False
SF.411.bmp,22.405039144999503,18.0,39.81105079262085,13.220113359856718,True,0.004186246088476312,False,0.0,True
SF.412.bmp,14.087678932529375,16.0,20.821569734613213,1.9426640800377724,False,0.0,False,0.0,False
SF.413.bmp,33.77369660471693,22.0,43.348085254863186,16.7732396560467,True,0.02163356692157832,True,0.00011630949957837807,False
SF.414.bmp,21.729790466025012,18.0,34.36307191205659,11.192327474864499,True,0.007633976283780345,False,0.0,True
SF.415.bmp,24.16833064882904,18.0,37.98899478103018,12.42939275791178,True,0.006618258830648212,False,0.0,False
SF.416.bmp,21.07357734688007,16.0,38.585592996645424,10.594457767188512,True,0.0002562702934038589,False,0.0,True
SF.417.bmp,34.37969134017893,22.0,44.9410875614029,16.255591076219847,True,0.07854991812945851,True,0.0009160340306642392,True
SF.418.bmp,28.40731784836457,20.0,42.01946791588226,11.924763000316116,True,0.0021890460137472087,False,0.0,False
SF.419.bmp,27.494093752747013,18.0,39.302659741659305,11.770536651317496,True,0.009728936851716035,False,0.0,False
SF.42.bmp,18.304360093559964,16.0,28.914734984529005,6.011798698571501,False,0.0,False,0.0,True
SF.420.bmp,22.47098621290379,16.0,34.56369349770365,9.503251359502286,True,0.0013184784758388818,False,0.0,False
SF.421.bmp,15.604813544322148,16.0,25.390609825264743,5.808676724480634,False,0.0,False,0.0,True
SF.422.bmp,20.362490254868028,16.0,35.611919693342536,10.67941854479798,True,0.006315263845848815,False,0.0,True
SF.423.bmp,13.37384175665277,14.0,18.305591467356173,1.3685766195137352,False,0.0,False,0.0,False
SF.424.bmp,24.877094339997058,20.0,41.44914491449145,14.186862964861017,True,0.0006667333400006668,False,0.0,True
SF.425.bmp,18.865506541493072,16.0,31.89019628858403,11.67607171000875,True,0.0001913890249877511,False,0.0,False
SF.426.bmp,27.46115331687931,20.0,47.23791980526956,18.11875311966553,False,0.0,False,0.0,True
SF.427.bmp,18.205558096392366,16.0,31.80342529411004,9.305573067034393,False,0.0,False,0.0,True
SF.428.bmp,18.07373915763166,16.0,33.23281614948282,9.540120477125864,False,0.0,False,0.0,True
SF.429.bmp,19.282424148273556,16.0,35.8508272885113,12.295004029133773,True,0.011151753055580338,True,0.0006862617264972515,False
SF.43.bmp,33.11075801819331,22.0,43.31514470657466,16.068113463485002,True,0.05590327930241267,True,0.0029422778580217193,True
SF.430.bmp,22.5304139756077,18.0,36.97001796316865,11.707542541898944,False,0.0,False,0.0,False
SF.431.bmp,26.957707510945497,18.0,32.48771854571369,9.910410453672865,True,0.023135912509098158,False,0.0,True
SF.432.bmp,27.82436802886311,20.0,41.58475013224945,12.644529201538054,True,0.012387922779715947,False,0.0,True
SF.433.bmp,14.828164589383338,16.0,22.36171344407168,4.5241384700514296,False,0.0,False,0.0,False
SF.434.bmp,17.721096281622792,16.0,26.181102362204722,5.952321604419016,False,0.0,False,0.0,False
SF.435.bmp,14.71692597898207,16.0,19.567490888005302,2.5984384682323753,False,0.0,False,0.0,False
SF.436.bmp,15.682411698417782,16.0,25.927166815784965,4.999061671887466,False,0.0,False,0.0,False
SF.437.bmp,16.893049886197332,16.0,27.461343147323973,7.02151511859014,False,0.0,False,0.0,False
SF.438.bmp,15.03089807037384,16.0,25.807383814485714,4.8960942228178315,False,0.0,False,0.0,False
SF.439.bmp,15.900045235534243,16.0,24.4984935554978,5.508668614660469,True,0.0026471069527467346,False,0.0,False
SF.44.bmp,32.312351993601794,22.0,43.85024704585055,18.546587053138293,True,0.06754897860128879,True,0.019235801853347143,True
SF.440.bmp,20.937105652716223,16.0,39.917891675691536,12.15690013324059,False,0.0,False,0.0,True
SF.441.bmp,20.520996338133752,16.0,28.999207130358705,9.776031862067459,True,0.01349928915135608,False,0.0,False
SF.442.bmp,23.930880963484164,20.0,44.085085810974135,14.721152786642408,False,0.0,False,0.0,True
SF.443.bmp,21.136793564281167,16.0,38.50177304964539,13.568685213546818,False,0.0,False,0.0,False
SF.444.bmp,28.626948712333036,20.0,49.876445396145606,16.51899318539121,False,0.0,False,0.0,True
SF.445.bmp,17.448188783396287,16.0,27.184810575814033,5.867762289810046,False,0.0,False,0.0,True
SF.446.bmp,21.75641307414148,18.0,40.40670530467681,14.088211048906096,True,0.0014086774531111648,False,0.0,True
SF.447.bmp,15.246658023789037,16.0,29.40665183935373,8.277396362687046,True,0.004880463504591122,True,0.00023240302402814864,False
SF.448.bmp,28.465964780805397,20.0,47.96755261880132,16.70531567354322,True,0.0012314664302251121,False,0.0,True
SF.449.bmp,20.824990948300613,16.0,38.767956527852746,10.760106649994068,False,0.0,False,0.0,False
SF.45.bmp,52.66599532267769,30.0,48.74058424818601,22.413753963669304,True,0.2794230454848405,True,0.07419423800002516,True
SF.450.bmp,14.692553970339885,16.0,24.45817422373284,4.428491346011882,False,0.0,False,0.0,False
SF.451.bmp,15.919881673076366,16.0,24.701807429065052,4.088736261508158,False,0.0,False,0.0,False
SF.452.bmp,15.62452838836881,16.0,24.63277671050687,4.6391203862622055,False,0.0,False,0.0,False
SF.453.bmp,21.837736354585264,16.0,30.135527044402938,6.647164788591403,True,0.0035195735215444823,False,0.0,False
SF.454.bmp,18.41462002688693,16.0,29.35880589660411,6.593892794196899,False,0.0,False,0.0,False
SF.455.bmp,14.069148466034589,16.0,18.92093509683424,2.476173212686923,False,0.0,False,0.0,False
SF.456.bmp,17.985722783159087,16.0,30.431606408195517,6.799754463263819,False,0.0,False,0.0,True
SF.457.bmp,14.901199440209053,16.0,20.218455724748836,2.8553095377969586,False,0.0,False,0.0,False
SF.458.bmp,14.515069607522104,16.0,21.40367744261507,3.25716953447663,False,0.0,False,0.0,False
SF.459.bmp,16.004363075065246,16.0,26.917894092560417,5.56772264898477,False,0.0,False,0.0,False
SF.46.bmp,18.922824405662123,16.0,26.00619957977744,4.8677296177429845,True,0.04967445721252368,True,0.009208580840963917,False
SF.460.bmp,14.873936731172362,16.0,22.93286835222319,3.324870230617301,False,0.0,False,0.0,False
SF.461.bmp,15.222408051101757,16.0,22.693692930762218,3.0989111881709324,False,0.0,False,0.0,False
SF.462.bmp,15.462920231592127,16.0,20.58341527368076,1.9918060488494684,False,0.0,False,0.0,False
SF.463.bmp,14.261109800397751,16.0,22.170958317455135,3.9932132007277645,False,0.0,False,0.0,False
SF.464.bmp,14.399046583365363,16.0,22.902157971925412,4.361558880538923,False,0.0,False,0.0,False
SF.465.bmp,21.604120677944913,16.0,31.224236485382985,8.1086315602143,True,0.008329250367466928,True,0.001633186346562143,False
SF.466.bmp,21.62475177616087,16.0,28.174412083524068,6.666557826711479,True,0.007728572532653218,True,0.00019816852647828765,False
SF.467.bmp,16.97692316373101,16.0,21.982600899034328,3.9480323374277364,False,0.0,False,0.0,False
SF.468.bmp,20.23084576473476,16.0,38.540344255732826,11.794595236564358,False,0.0,False,0.0,False
SF.469.bmp,17.37973912094762,16.0,31.345620430278785,8.076229493135171,False,0.0,False,0.0,False
SF.47.bmp,25.600942675150176,20.0,33.978276992913884,10.79164989788595,True,0.6121044777453108,True,0.4137290119650788,True
SF.470.bmp,14.918740359954056,16.0,22.89409487664238,4.536332764914558,False,0.0,False,0.0,False
SF.471.bmp,18.613518096954806,16.0,33.79284274193549,9.287341711978115,True,0.0005600358422939068,False,0.0,False
SF.472.bmp,16.310163258840323,16.0,26.915312203924636,7.624307351283415,False,0.0,False,0.0,False
SF.473.bmp,17.897355230772465,16.0,31.144462547520575,8.300094846515904,False,0.0,False,0.0,False
SF.474.bmp,16.649475639104434,16.0,28.903923646805378,7.650486056897253,False,0.0,False,0.0,False
SF.475.bmp,17.920116317519053,16.0,30.654657366986132,8.811264988421822,False,0.0,False,0.0,False
SF.476.bmp,17.565612000802513,16.0,31.39406582723986,9.315507529273747,True,0.0008869683068484596,False,0.0,False
SF.477.bmp,21.601286709643585,16.0,34.756076995350405,9.690969842728558,True,0.01855019393384567,False,0.0,True
SF.478.bmp,15.63485067899151,16.0,22.203409055416465,3.824294732295575,True,0.006739862671188402,False,0.0,False
SF.479.bmp,18.244980593117802,16.0,32.68877121739612,9.419255676640198,False,0.0,False,0.0,False
SF.48.bmp,74.48810575230631,36.0,55.930214363949304,26.042268902216065,False,0.0,False,0.0,True
SF.480.bmp,25.173193977310387,20.0,43.555196578795396,14.014682275842366,True,0.00156076852242044,False,0.0,False
SF.481.bmp,21.623934963490882,18.0,41.94577093542933,13.01754977479711,False,0.0,False,0.0,False
SF.482.bmp,27.782981124452803,20.0,48.22162243214875,15.837666772501318,False,0.0,False,0.0,True
SF.483.bmp,27.62444282745372,20.0,48.990392444227325,13.771848121397422,False,0.0,False,0.0,True
SF.484.bmp,27.894043805627508,20.0,37.15010984757937,12.573271278009422,True,0.044069125105904126,True,0.001626166978077643,True
SF.485.bmp,18.52865662947435,16.0,25.506302006852664,6.023337477003696,False,0.0,False,0.0,True
SF.486.bmp,25.987922091124272,20.0,40.765059330360515,13.688028408223598,False,0.0,False,0.0,True
SF.487.bmp,30.263393563436587,22.0,49.59083582776883,17.53615054846013,False,0.0,False,0.0,True
SF.488.bmp,27.35872886738979,20.0,48.810086682427105,16.332297295130417,False,0.0,False,0.0,True
SF.49.bmp,25.474420241613803,20.0,35.831372549019605,10.566369710085198,False,0.0,False,0.0,True
SF.5.bmp,20.659660578382375,16.0,38.39405818208259,12.172526930187535,False,0.0,False,0.0,False
SF.50.bmp,19.275437302021796,16.0,26.952352084333192,5.845010566024922,True,0.0018944656343933921,False,0.0,False
SF.51.bmp,18.66546170514495,16.0,30.964519246457574,6.480974946512522,False,0.0,False,0.0,False
SF.52.bmp,40.17695812773229,22.0,45.85962060779743,15.647781072873075,True,0.05474881840929019,True,0.006629739729249983,True
SF.53.bmp,35.373572735459454,22.0,39.495513529093174,12.570905480249623,True,0.009185150462266452,False,0.0,False
SF.54.bmp,35.22883472628805,22.0,44.478894013045824,12.051032058669637,True,0.0051934023017159,False,0.0,False
SF.55.bmp,25.601877958968114,18.0,39.805438204108675,10.15360158257047,False,0.0,False,0.0,False
SF.56.bmp,18.24487513781226,16.0,33.86709211506157,7.645236409155664,False,0.0,False,0.0,False
SF.57.bmp,16.16384701627413,16.0,18.726193720289462,2.2017087755047444,True,0.008175129439549459,False,0.0,True
SF.58.bmp,23.721598798385944,18.0,34.59076549985641,9.475279993991562,True,0.0008509099418190328,False,0.0,False
SF.59.bmp,23.299363241248866,18.0,32.82478783592645,8.221100834117932,True,0.0007072135785007072,False,0.0,False
SF.6.bmp,24.500636480918654,20.0,43.936021106439114,13.295982573948786,False,0.0,False,0.0,False
SF.60.bmp,24.223113335629968,20.0,44.09984336076093,11.489964044171305,True,0.0009436098739337208,False,0.0,False
SF.61.bmp,22.497626504710823,18.0,37.68696083907404,9.851594428663313,False,0.0,False,0.0,False
SF.62.bmp,22.069112154746307,18.0,41.29883831474482,9.215810611891873,False,0.0,False,0.0,False
SF.63.bmp,16.448308343251128,16.0,22.038519418355875,3.830797013107121,False,0.0,False,0.0,False
SF.64.bmp,23.00342225563311,16.0,35.33404866875337,9.967414763454448,True,0.010563243249253623,False,0.0,False
SF.65.bmp,18.484306312789528,16.0,30.91852893267875,5.973142557078198,False,0.0,False,0.0,False
SF.66.bmp,17.46194580767869,16.0,31.756384786615282,7.0499384333400466,False,0.0,False,0.0,False
SF.67.bmp,15.17821832504804,16.0,19.868985509583673,3.4435343076250158,False,0.0,False,0.0,False
SF.68.bmp,20.960292370409118,16.0,32.777652810765396,7.8187917331409515,True,0.008269875819544694,False,0.0,True
SF.69.bmp,13.353860838004397,14.0,13.917757745369656,0.12959228012372986,False,0.0,False,0.0,False
SF.7.bmp,22.992222092189717,18.0,39.94714475687552,12.696959058581376,False,0.0,False,0.0,False
SF.70.bmp,14.34101258477073,16.0,16.133174234584832,1.6586322676708467,True,0.0001650401955396237,False,0.0,False
SF.71.bmp,15.812842390268967,16.0,22.491403359589448,4.280572589524941,False,0.0,False,0.0,False
SF.72.bmp,21.61193516171855,16.0,33.219590726602775,6.927235846174367,True,0.0024998375105618133,False,0.0,False
SF.73.bmp,17.033598488165012,16.0,24.17829734780707,4.282609866106082,False,0.0,False,0.0,False
SF.74.bmp,15.621623324095495,16.0,22.318012836092283,2.011069445251602,False,0.0,False,0.0,False
SF.75.bmp,23.519613664597752,18.0,32.899524876451984,5.763103550912331,False,0.0,False,0.0,False
SF.76.bmp,26.925123947290732,16.0,30.631801737143526,9.08127848787279,True,0.0426596165394812,True,0.0012816193810144566,True
SF.77.bmp,18.057759652831578,16.0,27.432074546346247,4.861219884633385,False,0.0,False,0.0,False
SF.78.bmp,16.912322529607774,16.0,23.522274987068222,4.318356374219746,False,0.0,False,0.0,False
SF.79.bmp,18.12810988765423,16.0,29.182298791940088,5.521396693544436,False,0.0,False,0.0,False
SF.8.bmp,26.80499598471825,20.0,42.7469465648855,16.29486842069864,False,0.0,False,0.0,False
SF.80.bmp,13.692609418169942,16.0,15.03200188092688,-0.06027249409271809,False,0.0,False,0.0,False
SF.81.bmp,17.488609157997505,16.0,27.233718981235437,3.92273238439585,False,0.0,False,0.0,False
SF.82.bmp,23.7154161563829,18.0,42.30961346345962,11.091524630280848,True,0.0016467049434082401,False,0.0,False
SF.83.bmp,18.044096310609593,16.0,33.80043686755227,7.694150990820267,True,0.0073470610342966465,False,0.0,False
SF.84.bmp,21.272380192998256,16.0,40.73604217978391,11.394971385480673,False,0.0,False,0.0,False
SF.85.bmp,18.116577278070785,16.0,27.585161599860424,7.003426530845186,False,0.0,False,0.0,False
SF.86.bmp,17.619400201974535,16.0,23.218966805983975,5.5626443853796115,False,0.0,False,0.0,False
SF.87.bmp,15.111750709442775,16.0,18.859211183225163,2.562695643578526,True,0.004839679256625266,False,0.0,True
SF.88.bmp,23.539700547798198,16.0,29.003460618500736,8.420863810681379,True,0.010814432814806018,False,0.0,False
SF.89.bmp,18.055894537280505,16.0,26.937413977672424,6.4489576794073535,False,0.0,False,0.0,True
SF.9.bmp,25.33643405422834,20.0,48.38362184468621,14.77830451585413,False,0.0,False,0.0,True
SF.90.bmp,16.469629742868623,16.0,27.717688205047335,4.331651428263996,False,0.0,False,0.0,True
SF.91.bmp,16.477027455248905,16.0,26.213627913009642,8.062638302888372,False,0.0,False,0.0,False
SF.92.bmp,21.29762047986741,16.0,39.61327642837716,13.059754286506562,False,0.0,False,0.0,True
SF.93.bmp,21.26764662390939,16.0,39.3575792577282,13.096719838537464,False,0.0,False,0.0,True
SF.94.bmp,18.509704640758482,16.0,30.0487510680002,9.440263784318756,False,0.0,False,0.0,True
SF.95.bmp,19.9483497571235,16.0,30.472754270679335,7.637948394902613,False,0.0,False,0.0,True
SF.96.bmp,15.78426380126512,16.0,22.671211216135493,2.3056380792094604,False,0.0,False,0.0,False
SF.97.bmp,20.21935886220717,16.0,36.309345990860905,10.03683580396643,False,0.0,False,0.0,False
SF.98.bmp,26.900911847257575,20.0,47.34895294078354,11.196249452960611,False,0.0,False,0.0,False
SF.99.bmp,23.309753627508773,18.0,43.57229330358203,13.419932637406207,True,0.008545588340019464,True,0.00023737745388942958,False
